country,year,sex,age,suicides_no,population,suicides/100k pop,country-year,HDI for year, gdp_for_year ($) ,gdp_per_capita ($),generation
Canada,1985,male,75+ years,111,390200,28.45,Canada1985,0.827,"364,756,499,451",15522,G.I. Generation
Canada,1985,male,55-74 years,502,1841000,27.27,Canada1985,0.827,"364,756,499,451",15522,G.I. Generation
Canada,1985,male,25-34 years,605,2240500,27.0,Canada1985,0.827,"364,756,499,451",15522,Boomers
Canada,1985,male,35-54 years,774,3046800,25.4,Canada1985,0.827,"364,756,499,451",15522,Silent
Canada,1985,male,15-24 years,560,2224600,25.17,Canada1985,0.827,"364,756,499,451",15522,Generation X
Canada,1985,female,35-54 years,255,3025600,8.43,Canada1985,0.827,"364,756,499,451",15522,Silent
Canada,1985,female,55-74 years,166,2092200,7.93,Canada1985,0.827,"364,756,499,451",15522,G.I. Generation
Canada,1985,female,25-34 years,148,2257500,6.56,Canada1985,0.827,"364,756,499,451",15522,Boomers
Canada,1985,female,75+ years,34,642900,5.29,Canada1985,0.827,"364,756,499,451",15522,G.I. Generation
Canada,1985,female,15-24 years,85,2143200,3.97,Canada1985,0.827,"364,756,499,451",15522,Generation X
Canada,1985,male,5-14 years,13,1844400,0.7,Canada1985,0.827,"364,756,499,451",15522,Generation X
Canada,1985,female,5-14 years,5,1751000,0.29,Canada1985,0.827,"364,756,499,451",15522,Generation X
Canada,1986,male,75+ years,143,394400,36.26,Canada1986,0.8811111111111111,"377,437,927,312",16062,G.I. Generation
Canada,1986,male,25-34 years,719,2248800,31.97,Canada1986,0.8811111111111111,"377,437,927,312",16062,Boomers
Canada,1986,male,35-54 years,878,3098100,28.34,Canada1986,0.8811111111111111,"377,437,927,312",16062,Silent
Canada,1986,male,55-74 years,520,1862900,27.91,Canada1986,0.8811111111111111,"377,437,927,312",16062,G.I. Generation
Canada,1986,male,15-24 years,570,2116700,26.93,Canada1986,0.8811111111111111,"377,437,927,312",16062,Generation X
Canada,1986,female,35-54 years,307,3087900,9.94,Canada1986,0.8811111111111111,"377,437,927,312",16062,Silent
Canada,1986,female,55-74 years,191,2115500,9.03,Canada1986,0.8811111111111111,"377,437,927,312",16062,G.I. Generation
Canada,1986,female,25-34 years,172,2278400,7.55,Canada1986,0.8811111111111111,"377,437,927,312",16062,Boomers
Canada,1986,female,75+ years,36,653100,5.51,Canada1986,0.8811111111111111,"377,437,927,312",16062,G.I. Generation
Canada,1986,female,15-24 years,109,2061500,5.29,Canada1986,0.8811111111111111,"377,437,927,312",16062,Generation X
Canada,1986,male,5-14 years,20,1836900,1.09,Canada1986,0.8811111111111111,"377,437,927,312",16062,Generation X
Canada,1986,female,5-14 years,5,1744900,0.29,Canada1986,0.8811111111111111,"377,437,927,312",16062,Generation X
Canada,1987,male,25-34 years,709,2290800,30.95,Canada1987,0.8811111111111111,"431,316,742,081",18124,Boomers
Canada,1987,male,75+ years,117,408700,28.63,Canada1987,0.8811111111111111,"431,316,742,081",18124,G.I. Generation
Canada,1987,male,55-74 years,535,1896900,28.2,Canada1987,0.8811111111111111,"431,316,742,081",18124,G.I. Generation
Canada,1987,male,35-54 years,874,3179200,27.49,Canada1987,0.8811111111111111,"431,316,742,081",18124,Silent
Canada,1987,male,15-24 years,532,2085000,25.52,Canada1987,0.8811111111111111,"431,316,742,081",18124,Generation X
Canada,1987,female,35-54 years,298,3176700,9.38,Canada1987,0.8811111111111111,"431,316,742,081",18124,Silent
Canada,1987,female,55-74 years,171,2148300,7.96,Canada1987,0.8811111111111111,"431,316,742,081",18124,G.I. Generation
Canada,1987,female,25-34 years,178,2317300,7.68,Canada1987,0.8811111111111111,"431,316,742,081",18124,Boomers
Canada,1987,female,75+ years,47,679400,6.92,Canada1987,0.8811111111111111,"431,316,742,081",18124,G.I. Generation
Canada,1987,female,15-24 years,100,2019400,4.95,Canada1987,0.8811111111111111,"431,316,742,081",18124,Generation X
Canada,1987,male,5-14 years,25,1843600,1.36,Canada1987,0.8811111111111111,"431,316,742,081",18124,Generation X
Canada,1987,female,5-14 years,5,1752800,0.29,Canada1987,0.8811111111111111,"431,316,742,081",18124,Generation X
Canada,1988,male,75+ years,130,424900,30.6,Canada1988,0.8811111111111111,"507,354,351,182",21069,G.I. Generation
Canada,1988,male,25-34 years,679,2326400,29.19,Canada1988,0.8811111111111111,"507,354,351,182",21069,Boomers
Canada,1988,male,55-74 years,525,1924900,27.27,Canada1988,0.8811111111111111,"507,354,351,182",21069,G.I. Generation
Canada,1988,male,15-24 years,549,2041900,26.89,Canada1988,0.8811111111111111,"507,354,351,182",21069,Generation X
Canada,1988,male,35-54 years,827,3266900,25.31,Canada1988,0.8811111111111111,"507,354,351,182",21069,Silent
Canada,1988,female,35-54 years,322,3274100,9.83,Canada1988,0.8811111111111111,"507,354,351,182",21069,Silent
Canada,1988,female,25-34 years,168,2350300,7.15,Canada1988,0.8811111111111111,"507,354,351,182",21069,Boomers
Canada,1988,female,55-74 years,142,2175900,6.53,Canada1988,0.8811111111111111,"507,354,351,182",21069,G.I. Generation
Canada,1988,female,75+ years,44,708300,6.21,Canada1988,0.8811111111111111,"507,354,351,182",21069,G.I. Generation
Canada,1988,female,15-24 years,96,1968700,4.88,Canada1988,0.8811111111111111,"507,354,351,182",21069,Generation X
Canada,1988,male,5-14 years,24,1854500,1.29,Canada1988,0.8811111111111111,"507,354,351,182",21069,Generation X
Canada,1988,female,5-14 years,4,1763800,0.23,Canada1988,0.8811111111111111,"507,354,351,182",21069,Generation X
Canada,1989,male,75+ years,131,444600,29.46,Canada1989,0.8811111111111111,"565,055,743,243",23188,G.I. Generation
Canada,1989,male,25-34 years,666,2352400,28.31,Canada1989,0.8811111111111111,"565,055,743,243",23188,Boomers
Canada,1989,male,15-24 years,528,1997200,26.44,Canada1989,0.8811111111111111,"565,055,743,243",23188,Generation X
Canada,1989,male,55-74 years,501,1946000,25.75,Canada1989,0.8811111111111111,"565,055,743,243",23188,G.I. Generation
Canada,1989,male,35-54 years,850,3366100,25.25,Canada1989,0.8811111111111111,"565,055,743,243",23188,Silent
Canada,1989,female,35-54 years,322,3384300,9.51,Canada1989,0.8811111111111111,"565,055,743,243",23188,Silent
Canada,1989,female,55-74 years,163,2195700,7.42,Canada1989,0.8811111111111111,"565,055,743,243",23188,G.I. Generation
Canada,1989,female,25-34 years,174,2371500,7.34,Canada1989,0.8811111111111111,"565,055,743,243",23188,Boomers
Canada,1989,female,75+ years,40,741000,5.4,Canada1989,0.8811111111111111,"565,055,743,243",23188,G.I. Generation
Canada,1989,female,15-24 years,91,1919500,4.74,Canada1989,0.8811111111111111,"565,055,743,243",23188,Generation X
Canada,1989,male,5-14 years,19,1870700,1.02,Canada1989,0.8811111111111111,"565,055,743,243",23188,Generation X
Canada,1989,female,5-14 years,6,1779400,0.34,Canada1989,0.8811111111111111,"565,055,743,243",23188,Generation X
Canada,1990,male,75+ years,149,459600,32.42,Canada1990,0.849,"593,929,550,908",24041,G.I. Generation
Canada,1990,male,25-34 years,703,2372600,29.63,Canada1990,0.849,"593,929,550,908",24041,Boomers
Canada,1990,male,35-54 years,884,3483200,25.38,Canada1990,0.849,"593,929,550,908",24041,Silent
Canada,1990,male,15-24 years,484,1970600,24.56,Canada1990,0.849,"593,929,550,908",24041,Generation X
Canada,1990,male,55-74 years,430,1969600,21.83,Canada1990,0.849,"593,929,550,908",24041,G.I. Generation
Canada,1990,female,35-54 years,293,3506700,8.36,Canada1990,0.849,"593,929,550,908",24041,Silent
Canada,1990,female,25-34 years,154,2388600,6.45,Canada1990,0.849,"593,929,550,908",24041,Boomers
Canada,1990,female,55-74 years,125,2216700,5.64,Canada1990,0.849,"593,929,550,908",24041,G.I. Generation
Canada,1990,female,15-24 years,94,1888000,4.98,Canada1990,0.849,"593,929,550,908",24041,Generation X
Canada,1990,female,75+ years,32,768500,4.16,Canada1990,0.849,"593,929,550,908",24041,G.I. Generation
Canada,1990,male,5-14 years,23,1882100,1.22,Canada1990,0.849,"593,929,550,908",24041,Generation X
Canada,1990,female,5-14 years,7,1798200,0.39,Canada1990,0.849,"593,929,550,908",24041,Generation X
Canada,1991,male,25-34 years,713,2420300,29.46,Canada1991,0.8811111111111111,"610,328,183,643",24038,Boomers
Canada,1991,male,75+ years,139,478900,29.02,Canada1991,0.8811111111111111,"610,328,183,643",24038,G.I. Generation
Canada,1991,male,15-24 years,539,1943600,27.73,Canada1991,0.8811111111111111,"610,328,183,643",24038,Generation X
Canada,1991,male,35-54 years,974,3663400,26.59,Canada1991,0.8811111111111111,"610,328,183,643",24038,Boomers
Canada,1991,male,55-74 years,490,2031500,24.12,Canada1991,0.8811111111111111,"610,328,183,643",24038,Silent
Canada,1991,female,35-54 years,271,3674300,7.38,Canada1991,0.8811111111111111,"610,328,183,643",24038,Boomers
Canada,1991,female,25-34 years,177,2446400,7.24,Canada1991,0.8811111111111111,"610,328,183,643",24038,Boomers
Canada,1991,female,55-74 years,154,2263200,6.8,Canada1991,0.8811111111111111,"610,328,183,643",24038,Silent
Canada,1991,female,15-24 years,76,1886900,4.03,Canada1991,0.8811111111111111,"610,328,183,643",24038,Generation X
Canada,1991,female,75+ years,31,795900,3.89,Canada1991,0.8811111111111111,"610,328,183,643",24038,G.I. Generation
Canada,1991,male,5-14 years,20,1941100,1.03,Canada1991,0.8811111111111111,"610,328,183,643",24038,Millenials
Canada,1991,female,5-14 years,9,1844900,0.49,Canada1991,0.8811111111111111,"610,328,183,643",24038,Millenials
Canada,1992,male,25-34 years,739,2561600,28.85,Canada1992,0.8811111111111111,"592,387,689,253",22393,Boomers
Canada,1992,male,75+ years,136,499900,27.21,Canada1992,0.8811111111111111,"592,387,689,253",22393,G.I. Generation
Canada,1992,male,35-54 years,1020,3889500,26.22,Canada1992,0.8811111111111111,"592,387,689,253",22393,Boomers
Canada,1992,male,15-24 years,504,2042300,24.68,Canada1992,0.8811111111111111,"592,387,689,253",22393,Generation X
Canada,1992,male,55-74 years,497,2087600,23.81,Canada1992,0.8811111111111111,"592,387,689,253",22393,Silent
Canada,1992,female,35-54 years,323,3857500,8.37,Canada1992,0.8811111111111111,"592,387,689,253",22393,Boomers
Canada,1992,female,55-74 years,146,2313800,6.31,Canada1992,0.8811111111111111,"592,387,689,253",22393,Silent
Canada,1992,female,25-34 years,155,2499900,6.2,Canada1992,0.8811111111111111,"592,387,689,253",22393,Boomers
Canada,1992,female,15-24 years,119,1969200,6.04,Canada1992,0.8811111111111111,"592,387,689,253",22393,Generation X
Canada,1992,female,75+ years,35,834600,4.19,Canada1992,0.8811111111111111,"592,387,689,253",22393,G.I. Generation
Canada,1992,male,5-14 years,26,1995400,1.3,Canada1992,0.8811111111111111,"592,387,689,253",22393,Millenials
Canada,1992,female,5-14 years,8,1903100,0.42,Canada1992,0.8811111111111111,"592,387,689,253",22393,Millenials
Canada,1993,male,35-54 years,1141,4049700,28.17,Canada1993,0.8811111111111111,"577,170,761,956",21421,Boomers
Canada,1993,male,25-34 years,721,2568700,28.07,Canada1993,0.8811111111111111,"577,170,761,956",21421,Boomers
Canada,1993,male,75+ years,138,513400,26.88,Canada1993,0.8811111111111111,"577,170,761,956",21421,G.I. Generation
Canada,1993,male,15-24 years,488,2054700,23.75,Canada1993,0.8811111111111111,"577,170,761,956",21421,Generation X
Canada,1993,male,55-74 years,499,2127800,23.45,Canada1993,0.8811111111111111,"577,170,761,956",21421,Silent
Canada,1993,female,35-54 years,331,4013200,8.25,Canada1993,0.8811111111111111,"577,170,761,956",21421,Boomers
Canada,1993,female,75+ years,55,858000,6.41,Canada1993,0.8811111111111111,"577,170,761,956",21421,G.I. Generation
Canada,1993,female,55-74 years,146,2348500,6.22,Canada1993,0.8811111111111111,"577,170,761,956",21421,Silent
Canada,1993,female,25-34 years,146,2501800,5.84,Canada1993,0.8811111111111111,"577,170,761,956",21421,Boomers
Canada,1993,female,15-24 years,93,1978900,4.7,Canada1993,0.8811111111111111,"577,170,761,956",21421,Generation X
Canada,1993,male,5-14 years,27,2009100,1.34,Canada1993,0.8811111111111111,"577,170,761,956",21421,Millenials
Canada,1993,female,5-14 years,18,1920900,0.94,Canada1993,0.8811111111111111,"577,170,761,956",21421,Millenials
Canada,1994,male,75+ years,160,527500,30.33,Canada1994,0.8811111111111111,"578,139,279,438",21219,G.I. Generation
Canada,1994,male,35-54 years,1150,4177400,27.53,Canada1994,0.8811111111111111,"578,139,279,438",21219,Boomers
Canada,1994,male,25-34 years,636,2523000,25.21,Canada1994,0.8811111111111111,"578,139,279,438",21219,Boomers
Canada,1994,male,15-24 years,506,2048800,24.7,Canada1994,0.8811111111111111,"578,139,279,438",21219,Generation X
Canada,1994,male,55-74 years,479,2164400,22.13,Canada1994,0.8811111111111111,"578,139,279,438",21219,Silent
Canada,1994,female,35-54 years,339,4145800,8.18,Canada1994,0.8811111111111111,"578,139,279,438",21219,Boomers
Canada,1994,female,55-74 years,152,2380300,6.39,Canada1994,0.8811111111111111,"578,139,279,438",21219,Silent
Canada,1994,female,25-34 years,135,2460500,5.49,Canada1994,0.8811111111111111,"578,139,279,438",21219,Boomers
Canada,1994,female,15-24 years,105,1972200,5.32,Canada1994,0.8811111111111111,"578,139,279,438",21219,Generation X
Canada,1994,female,75+ years,37,884500,4.18,Canada1994,0.8811111111111111,"578,139,279,438",21219,G.I. Generation
Canada,1994,male,5-14 years,37,2024800,1.83,Canada1994,0.8811111111111111,"578,139,279,438",21219,Millenials
Canada,1994,female,5-14 years,12,1936800,0.62,Canada1994,0.8811111111111111,"578,139,279,438",21219,Millenials
Canada,1995,male,25-34 years,744,2489100,29.89,Canada1995,0.861,"604,031,623,433",21871,Generation X
Canada,1995,male,35-54 years,1264,4316200,29.29,Canada1995,0.861,"604,031,623,433",21871,Boomers
Canada,1995,male,75+ years,146,549900,26.55,Canada1995,0.861,"604,031,623,433",21871,G.I. Generation
Canada,1995,male,15-24 years,507,2051200,24.72,Canada1995,0.861,"604,031,623,433",21871,Generation X
Canada,1995,male,55-74 years,473,2193400,21.56,Canada1995,0.861,"604,031,623,433",21871,Silent
Canada,1995,female,35-54 years,363,4287400,8.47,Canada1995,0.861,"604,031,623,433",21871,Boomers
Canada,1995,female,55-74 years,157,2403700,6.53,Canada1995,0.861,"604,031,623,433",21871,Silent
Canada,1995,female,25-34 years,141,2431800,5.8,Canada1995,0.861,"604,031,623,433",21871,Generation X
Canada,1995,female,15-24 years,96,1972700,4.87,Canada1995,0.861,"604,031,623,433",21871,Generation X
Canada,1995,female,75+ years,34,921200,3.69,Canada1995,0.861,"604,031,623,433",21871,G.I. Generation
Canada,1995,male,5-14 years,22,2045200,1.08,Canada1995,0.861,"604,031,623,433",21871,Millenials
Canada,1995,female,5-14 years,21,1956700,1.07,Canada1995,0.861,"604,031,623,433",21871,Millenials
Canada,1996,male,75+ years,162,555800,29.15,Canada1996,0.8811111111111111,"628,546,387,972",22686,G.I. Generation
Canada,1996,male,35-54 years,1273,4393100,28.98,Canada1996,0.8811111111111111,"628,546,387,972",22686,Boomers
Canada,1996,male,25-34 years,630,2399900,26.25,Canada1996,0.8811111111111111,"628,546,387,972",22686,Generation X
Canada,1996,male,15-24 years,490,2058900,23.8,Canada1996,0.8811111111111111,"628,546,387,972",22686,Generation X
Canada,1996,male,55-74 years,506,2212300,22.87,Canada1996,0.8811111111111111,"628,546,387,972",22686,Silent
Canada,1996,female,35-54 years,434,4396400,9.87,Canada1996,0.8811111111111111,"628,546,387,972",22686,Boomers
Canada,1996,female,55-74 years,144,2417100,5.96,Canada1996,0.8811111111111111,"628,546,387,972",22686,Silent
Canada,1996,female,25-34 years,137,2346000,5.84,Canada1996,0.8811111111111111,"628,546,387,972",22686,Generation X
Canada,1996,female,15-24 years,91,1964700,4.63,Canada1996,0.8811111111111111,"628,546,387,972",22686,Generation X
Canada,1996,female,75+ years,33,935900,3.53,Canada1996,0.8811111111111111,"628,546,387,972",22686,G.I. Generation
Canada,1996,male,5-14 years,32,2064700,1.55,Canada1996,0.8811111111111111,"628,546,387,972",22686,Millenials
Canada,1996,female,5-14 years,9,1961800,0.46,Canada1996,0.8811111111111111,"628,546,387,972",22686,Millenials
Canada,1997,male,35-54 years,1230,4525200,27.18,Canada1997,0.8811111111111111,"652,825,364,726",23245,Boomers
Canada,1997,male,75+ years,156,578100,26.98,Canada1997,0.8811111111111111,"652,825,364,726",23245,G.I. Generation
Canada,1997,male,25-34 years,535,2359600,22.67,Canada1997,0.8811111111111111,"652,825,364,726",23245,Generation X
Canada,1997,male,15-24 years,464,2076000,22.35,Canada1997,0.8811111111111111,"652,825,364,726",23245,Generation X
Canada,1997,male,55-74 years,490,2249500,21.78,Canada1997,0.8811111111111111,"652,825,364,726",23245,Silent
Canada,1997,female,35-54 years,356,4525500,7.87,Canada1997,0.8811111111111111,"652,825,364,726",23245,Boomers
Canada,1997,female,25-34 years,136,2308000,5.89,Canada1997,0.8811111111111111,"652,825,364,726",23245,Generation X
Canada,1997,female,55-74 years,131,2446100,5.36,Canada1997,0.8811111111111111,"652,825,364,726",23245,Silent
Canada,1997,female,15-24 years,90,1980900,4.54,Canada1997,0.8811111111111111,"652,825,364,726",23245,Generation X
Canada,1997,female,75+ years,42,970900,4.33,Canada1997,0.8811111111111111,"652,825,364,726",23245,G.I. Generation
Canada,1997,male,5-14 years,39,2084500,1.87,Canada1997,0.8811111111111111,"652,825,364,726",23245,Millenials
Canada,1997,female,5-14 years,12,1980800,0.61,Canada1997,0.8811111111111111,"652,825,364,726",23245,Millenials
Canada,1998,male,35-54 years,1226,4637556,26.44,Canada1998,0.8811111111111111,"631,813,279,407",22268,Boomers
Canada,1998,male,25-34 years,568,2301724,24.68,Canada1998,0.8811111111111111,"631,813,279,407",22268,Generation X
Canada,1998,male,75+ years,147,599107,24.54,Canada1998,0.8811111111111111,"631,813,279,407",22268,G.I. Generation
Canada,1998,male,15-24 years,457,2090656,21.86,Canada1998,0.8811111111111111,"631,813,279,407",22268,Generation X
Canada,1998,male,55-74 years,497,2294107,21.66,Canada1998,0.8811111111111111,"631,813,279,407",22268,Silent
Canada,1998,female,35-54 years,341,4634299,7.36,Canada1998,0.8811111111111111,"631,813,279,407",22268,Boomers
Canada,1998,female,25-34 years,133,2251763,5.91,Canada1998,0.8811111111111111,"631,813,279,407",22268,Generation X
Canada,1998,female,15-24 years,105,1993396,5.27,Canada1998,0.8811111111111111,"631,813,279,407",22268,Generation X
Canada,1998,female,55-74 years,129,2483325,5.19,Canada1998,0.8811111111111111,"631,813,279,407",22268,Silent
Canada,1998,female,75+ years,50,1003373,4.98,Canada1998,0.8811111111111111,"631,813,279,407",22268,G.I. Generation
Canada,1998,male,5-14 years,30,2094080,1.43,Canada1998,0.8811111111111111,"631,813,279,407",22268,Millenials
Canada,1998,female,5-14 years,16,1989150,0.8,Canada1998,0.8811111111111111,"631,813,279,407",22268,Millenials
Canada,1999,male,35-54 years,1442,4743615,30.4,Canada1999,0.8811111111111111,"676,082,654,641",23572,Boomers
Canada,1999,male,25-34 years,614,2254396,27.24,Canada1999,0.8811111111111111,"676,082,654,641",23572,Generation X
Canada,1999,male,75+ years,155,620972,24.96,Canada1999,0.8811111111111111,"676,082,654,641",23572,G.I. Generation
Canada,1999,male,55-74 years,520,2341132,22.21,Canada1999,0.8811111111111111,"676,082,654,641",23572,Silent
Canada,1999,male,15-24 years,468,2112560,22.15,Canada1999,0.8811111111111111,"676,082,654,641",23572,Generation X
Canada,1999,female,35-54 years,435,4736367,9.18,Canada1999,0.8811111111111111,"676,082,654,641",23572,Boomers
Canada,1999,female,55-74 years,147,2523439,5.83,Canada1999,0.8811111111111111,"676,082,654,641",23572,Silent
Canada,1999,female,25-34 years,118,2206484,5.35,Canada1999,0.8811111111111111,"676,082,654,641",23572,Generation X
Canada,1999,female,75+ years,53,1037189,5.11,Canada1999,0.8811111111111111,"676,082,654,641",23572,G.I. Generation
Canada,1999,female,15-24 years,90,2014044,4.47,Canada1999,0.8811111111111111,"676,082,654,641",23572,Generation X
Canada,1999,male,5-14 years,25,2098556,1.19,Canada1999,0.8811111111111111,"676,082,654,641",23572,Millenials
Canada,1999,female,5-14 years,7,1992889,0.35,Canada1999,0.8811111111111111,"676,082,654,641",23572,Millenials
Canada,2000,male,35-54 years,1254,4840239,25.91,Canada2000,0.867,"742,293,448,253",25589,Boomers
Canada,2000,male,75+ years,146,644375,22.66,Canada2000,0.867,"742,293,448,253",25589,G.I. Generation
Canada,2000,male,25-34 years,484,2226742,21.74,Canada2000,0.867,"742,293,448,253",25589,Generation X
Canada,2000,male,15-24 years,430,2131117,20.18,Canada2000,0.867,"742,293,448,253",25589,Generation X
Canada,2000,male,55-74 years,455,2390741,19.03,Canada2000,0.867,"742,293,448,253",25589,Silent
Canada,2000,female,35-54 years,393,4830067,8.14,Canada2000,0.867,"742,293,448,253",25589,Boomers
Canada,2000,female,15-24 years,112,2030972,5.51,Canada2000,0.867,"742,293,448,253",25589,Generation X
Canada,2000,female,25-34 years,119,2177984,5.46,Canada2000,0.867,"742,293,448,253",25589,Generation X
Canada,2000,female,55-74 years,137,2567097,5.34,Canada2000,0.867,"742,293,448,253",25589,Silent
Canada,2000,female,75+ years,30,1071636,2.8,Canada2000,0.867,"742,293,448,253",25589,G.I. Generation
Canada,2000,male,5-14 years,29,2101448,1.38,Canada2000,0.867,"742,293,448,253",25589,Millenials
Canada,2000,female,5-14 years,17,1996147,0.85,Canada2000,0.867,"742,293,448,253",25589,Millenials
Canada,2001,male,35-54 years,1347,4892041,27.53,Canada2001,0.8811111111111111,"736,379,777,893",25165,Boomers
Canada,2001,male,25-34 years,500,2182409,22.91,Canada2001,0.8811111111111111,"736,379,777,893",25165,Generation X
Canada,2001,male,75+ years,131,665842,19.67,Canada2001,0.8811111111111111,"736,379,777,893",25165,Silent
Canada,2001,male,55-74 years,481,2458947,19.56,Canada2001,0.8811111111111111,"736,379,777,893",25165,Silent
Canada,2001,male,15-24 years,398,2168038,18.36,Canada2001,0.8811111111111111,"736,379,777,893",25165,Millenials
Canada,2001,female,35-54 years,392,4894497,8.01,Canada2001,0.8811111111111111,"736,379,777,893",25165,Boomers
Canada,2001,female,55-74 years,161,2618587,6.15,Canada2001,0.8811111111111111,"736,379,777,893",25165,Silent
Canada,2001,female,25-34 years,114,2130957,5.35,Canada2001,0.8811111111111111,"736,379,777,893",25165,Generation X
Canada,2001,female,15-24 years,105,2059190,5.1,Canada2001,0.8811111111111111,"736,379,777,893",25165,Millenials
Canada,2001,female,75+ years,38,1096205,3.47,Canada2001,0.8811111111111111,"736,379,777,893",25165,Silent
Canada,2001,male,5-14 years,14,2096912,0.67,Canada2001,0.8811111111111111,"736,379,777,893",25165,Millenials
Canada,2001,female,5-14 years,13,1998430,0.65,Canada2001,0.8811111111111111,"736,379,777,893",25165,Millenials
Canada,2002,male,35-54 years,1292,4926984,26.22,Canada2002,0.8811111111111111,"757,950,678,647",25570,Boomers
Canada,2002,male,75+ years,164,691551,23.71,Canada2002,0.8811111111111111,"757,950,678,647",25570,Silent
Canada,2002,male,25-34 years,466,2194450,21.24,Canada2002,0.8811111111111111,"757,950,678,647",25570,Generation X
Canada,2002,male,55-74 years,527,2550479,20.66,Canada2002,0.8811111111111111,"757,950,678,647",25570,Silent
Canada,2002,male,15-24 years,384,2192632,17.51,Canada2002,0.8811111111111111,"757,950,678,647",25570,Millenials
Canada,2002,female,35-54 years,370,4929966,7.51,Canada2002,0.8811111111111111,"757,950,678,647",25570,Boomers
Canada,2002,female,25-34 years,124,2142391,5.79,Canada2002,0.8811111111111111,"757,950,678,647",25570,Generation X
Canada,2002,female,55-74 years,150,2707035,5.54,Canada2002,0.8811111111111111,"757,950,678,647",25570,Silent
Canada,2002,female,15-24 years,108,2084984,5.18,Canada2002,0.8811111111111111,"757,950,678,647",25570,Millenials
Canada,2002,female,75+ years,30,1126677,2.66,Canada2002,0.8811111111111111,"757,950,678,647",25570,Silent
Canada,2002,male,5-14 years,18,2097593,0.86,Canada2002,0.8811111111111111,"757,950,678,647",25570,Millenials
Canada,2002,female,5-14 years,17,1997372,0.85,Canada2002,0.8811111111111111,"757,950,678,647",25570,Millenials
Canada,2003,male,35-54 years,1317,4950960,26.6,Canada2003,0.8811111111111111,"892,380,986,368",29787,Boomers
Canada,2003,male,55-74 years,581,2636917,22.03,Canada2003,0.8811111111111111,"892,380,986,368",29787,Silent
Canada,2003,male,75+ years,151,718916,21.0,Canada2003,0.8811111111111111,"892,380,986,368",29787,Silent
Canada,2003,male,25-34 years,426,2205120,19.32,Canada2003,0.8811111111111111,"892,380,986,368",29787,Generation X
Canada,2003,male,15-24 years,409,2211023,18.5,Canada2003,0.8811111111111111,"892,380,986,368",29787,Millenials
Canada,2003,female,35-54 years,438,4956221,8.84,Canada2003,0.8811111111111111,"892,380,986,368",29787,Boomers
Canada,2003,female,15-24 years,113,2103731,5.37,Canada2003,0.8811111111111111,"892,380,986,368",29787,Millenials
Canada,2003,female,25-34 years,114,2151969,5.3,Canada2003,0.8811111111111111,"892,380,986,368",29787,Generation X
Canada,2003,female,55-74 years,145,2792599,5.19,Canada2003,0.8811111111111111,"892,380,986,368",29787,Silent
Canada,2003,female,75+ years,44,1156073,3.81,Canada2003,0.8811111111111111,"892,380,986,368",29787,Silent
Canada,2003,male,5-14 years,19,2087408,0.91,Canada2003,0.8811111111111111,"892,380,986,368",29787,Millenials
Canada,2003,female,5-14 years,8,1987896,0.4,Canada2003,0.8811111111111111,"892,380,986,368",29787,Millenials
Canada,2004,male,35-54 years,1210,4982932,24.28,Canada2004,0.8811111111111111,"1,023,196,003,075",33787,Boomers
Canada,2004,male,25-34 years,477,2220407,21.48,Canada2004,0.8811111111111111,"1,023,196,003,075",33787,Generation X
Canada,2004,male,75+ years,154,744741,20.68,Canada2004,0.8811111111111111,"1,023,196,003,075",33787,Silent
Canada,2004,male,55-74 years,497,2721795,18.26,Canada2004,0.8811111111111111,"1,023,196,003,075",33787,Silent
Canada,2004,male,15-24 years,379,2230355,16.99,Canada2004,0.8811111111111111,"1,023,196,003,075",33787,Millenials
Canada,2004,female,35-54 years,428,4986017,8.58,Canada2004,0.8811111111111111,"1,023,196,003,075",33787,Boomers
Canada,2004,female,55-74 years,181,2879432,6.29,Canada2004,0.8811111111111111,"1,023,196,003,075",33787,Silent
Canada,2004,female,25-34 years,114,2169563,5.25,Canada2004,0.8811111111111111,"1,023,196,003,075",33787,Generation X
Canada,2004,female,15-24 years,101,2124167,4.75,Canada2004,0.8811111111111111,"1,023,196,003,075",33787,Millenials
Canada,2004,female,75+ years,44,1183549,3.72,Canada2004,0.8811111111111111,"1,023,196,003,075",33787,Silent
Canada,2004,male,5-14 years,17,2069874,0.82,Canada2004,0.8811111111111111,"1,023,196,003,075",33787,Millenials
Canada,2004,female,5-14 years,11,1971134,0.56,Canada2004,0.8811111111111111,"1,023,196,003,075",33787,Millenials
Canada,2005,male,35-54 years,1341,5018957,26.72,Canada2005,0.892,"1,169,357,979,865",38218,Boomers
Canada,2005,male,75+ years,165,772032,21.37,Canada2005,0.892,"1,169,357,979,865",38218,Silent
Canada,2005,male,55-74 years,539,2802901,19.23,Canada2005,0.892,"1,169,357,979,865",38218,Silent
Canada,2005,male,25-34 years,415,2236320,18.56,Canada2005,0.892,"1,169,357,979,865",38218,Generation X
Canada,2005,male,15-24 years,378,2249377,16.8,Canada2005,0.892,"1,169,357,979,865",38218,Millenials
Canada,2005,female,35-54 years,418,5018764,8.33,Canada2005,0.892,"1,169,357,979,865",38218,Boomers
Canada,2005,female,15-24 years,131,2144094,6.11,Canada2005,0.892,"1,169,357,979,865",38218,Millenials
Canada,2005,female,55-74 years,158,2961910,5.33,Canada2005,0.892,"1,169,357,979,865",38218,Silent
Canada,2005,female,75+ years,58,1211769,4.79,Canada2005,0.892,"1,169,357,979,865",38218,Silent
Canada,2005,female,25-34 years,96,2188897,4.39,Canada2005,0.892,"1,169,357,979,865",38218,Generation X
Canada,2005,female,5-14 years,25,1947297,1.28,Canada2005,0.892,"1,169,357,979,865",38218,Millenials
Canada,2005,male,5-14 years,19,2044772,0.93,Canada2005,0.892,"1,169,357,979,865",38218,Millenials
Canada,2006,male,35-54 years,1202,5050497,23.8,Canada2006,0.8811111111111111,"1,315,415,197,461",42566,Boomers
Canada,2006,male,75+ years,188,806380,23.31,Canada2006,0.8811111111111111,"1,315,415,197,461",42566,Silent
Canada,2006,male,55-74 years,599,2910932,20.58,Canada2006,0.8811111111111111,"1,315,415,197,461",42566,Silent
Canada,2006,male,25-34 years,362,2220384,16.3,Canada2006,0.8811111111111111,"1,315,415,197,461",42566,Generation X
Canada,2006,male,15-24 years,331,2288073,14.47,Canada2006,0.8811111111111111,"1,315,415,197,461",42566,Millenials
Canada,2006,female,35-54 years,362,5021174,7.21,Canada2006,0.8811111111111111,"1,315,415,197,461",42566,Boomers
Canada,2006,female,55-74 years,187,3071300,6.09,Canada2006,0.8811111111111111,"1,315,415,197,461",42566,Silent
Canada,2006,female,25-34 years,118,2177957,5.42,Canada2006,0.8811111111111111,"1,315,415,197,461",42566,Generation X
Canada,2006,female,15-24 years,86,2179623,3.95,Canada2006,0.8811111111111111,"1,315,415,197,461",42566,Millenials
Canada,2006,female,75+ years,46,1241475,3.71,Canada2006,0.8811111111111111,"1,315,415,197,461",42566,Silent
Canada,2006,female,5-14 years,18,1920311,0.94,Canada2006,0.8811111111111111,"1,315,415,197,461",42566,Millenials
Canada,2006,male,5-14 years,13,2014856,0.65,Canada2006,0.8811111111111111,"1,315,415,197,461",42566,Millenials
Canada,2007,male,35-54 years,1224,5064536,24.17,Canada2007,0.8811111111111111,"1,464,977,190,206",46890,Boomers
Canada,2007,male,75+ years,183,837259,21.86,Canada2007,0.8811111111111111,"1,464,977,190,206",46890,Silent
Canada,2007,male,25-34 years,404,2250433,17.95,Canada2007,0.8811111111111111,"1,464,977,190,206",46890,Generation X
Canada,2007,male,55-74 years,539,3006062,17.93,Canada2007,0.8811111111111111,"1,464,977,190,206",46890,Silent
Canada,2007,male,15-24 years,359,2318148,15.49,Canada2007,0.8811111111111111,"1,464,977,190,206",46890,Millenials
Canada,2007,female,35-54 years,400,5030803,7.95,Canada2007,0.8811111111111111,"1,464,977,190,206",46890,Boomers
Canada,2007,female,55-74 years,188,3170541,5.93,Canada2007,0.8811111111111111,"1,464,977,190,206",46890,Silent
Canada,2007,female,15-24 years,116,2206555,5.26,Canada2007,0.8811111111111111,"1,464,977,190,206",46890,Millenials
Canada,2007,female,25-34 years,113,2212210,5.11,Canada2007,0.8811111111111111,"1,464,977,190,206",46890,Generation X
Canada,2007,female,75+ years,52,1269438,4.1,Canada2007,0.8811111111111111,"1,464,977,190,206",46890,Silent
Canada,2007,male,5-14 years,18,1986129,0.91,Canada2007,0.8811111111111111,"1,464,977,190,206",46890,Generation Z
Canada,2007,female,5-14 years,15,1890517,0.79,Canada2007,0.8811111111111111,"1,464,977,190,206",46890,Generation Z
Canada,2008,male,35-54 years,1241,5076969,24.44,Canada2008,0.8811111111111111,"1,549,131,208,997",49041,Boomers
Canada,2008,male,75+ years,192,866435,22.16,Canada2008,0.8811111111111111,"1,549,131,208,997",49041,Silent
Canada,2008,male,55-74 years,589,3107189,18.96,Canada2008,0.8811111111111111,"1,549,131,208,997",49041,Silent
Canada,2008,male,25-34 years,395,2286010,17.28,Canada2008,0.8811111111111111,"1,549,131,208,997",49041,Generation X
Canada,2008,male,15-24 years,344,2341539,14.69,Canada2008,0.8811111111111111,"1,549,131,208,997",49041,Millenials
Canada,2008,female,35-54 years,413,5038500,8.2,Canada2008,0.8811111111111111,"1,549,131,208,997",49041,Boomers
Canada,2008,female,55-74 years,231,3276332,7.05,Canada2008,0.8811111111111111,"1,549,131,208,997",49041,Silent
Canada,2008,female,15-24 years,119,2227003,5.34,Canada2008,0.8811111111111111,"1,549,131,208,997",49041,Millenials
Canada,2008,female,25-34 years,118,2251723,5.24,Canada2008,0.8811111111111111,"1,549,131,208,997",49041,Generation X
Canada,2008,female,75+ years,38,1296269,2.93,Canada2008,0.8811111111111111,"1,549,131,208,997",49041,Silent
Canada,2008,male,5-14 years,16,1959155,0.82,Canada2008,0.8811111111111111,"1,549,131,208,997",49041,Generation Z
Canada,2008,female,5-14 years,9,1861517,0.48,Canada2008,0.8811111111111111,"1,549,131,208,997",49041,Generation Z
Canada,2009,male,35-54 years,1328,5085328,26.11,Canada2009,0.8811111111111111,"1,371,153,004,986",42933,Boomers
Canada,2009,male,55-74 years,680,3216246,21.14,Canada2009,0.8811111111111111,"1,371,153,004,986",42933,Silent
Canada,2009,male,75+ years,182,893202,20.38,Canada2009,0.8811111111111111,"1,371,153,004,986",42933,Silent
Canada,2009,male,25-34 years,437,2325144,18.79,Canada2009,0.8811111111111111,"1,371,153,004,986",42933,Generation X
Canada,2009,male,15-24 years,349,2355316,14.82,Canada2009,0.8811111111111111,"1,371,153,004,986",42933,Millenials
Canada,2009,female,35-54 years,402,5043261,7.97,Canada2009,0.8811111111111111,"1,371,153,004,986",42933,Boomers
Canada,2009,female,15-24 years,130,2238546,5.81,Canada2009,0.8811111111111111,"1,371,153,004,986",42933,Millenials
Canada,2009,female,55-74 years,192,3389717,5.66,Canada2009,0.8811111111111111,"1,371,153,004,986",42933,Silent
Canada,2009,female,25-34 years,119,2293665,5.19,Canada2009,0.8811111111111111,"1,371,153,004,986",42933,Generation X
Canada,2009,female,75+ years,46,1322098,3.48,Canada2009,0.8811111111111111,"1,371,153,004,986",42933,Silent
Canada,2009,male,5-14 years,13,1937420,0.67,Canada2009,0.8811111111111111,"1,371,153,004,986",42933,Generation Z
Canada,2009,female,5-14 years,12,1837414,0.65,Canada2009,0.8811111111111111,"1,371,153,004,986",42933,Generation Z
Canada,2010,male,35-54 years,1292,5088099,25.39,Canada2010,0.903,"1,613,464,422,811",49974,Generation X
Canada,2010,male,75+ years,200,917671,21.79,Canada2010,0.903,"1,613,464,422,811",49974,Silent
Canada,2010,male,55-74 years,690,3333897,20.7,Canada2010,0.903,"1,613,464,422,811",49974,Silent
Canada,2010,male,25-34 years,409,2366854,17.28,Canada2010,0.903,"1,613,464,422,811",49974,Generation X
Canada,2010,male,15-24 years,371,2357806,15.73,Canada2010,0.903,"1,613,464,422,811",49974,Millenials
Canada,2010,female,35-54 years,402,5044926,7.97,Canada2010,0.903,"1,613,464,422,811",49974,Generation X
Canada,2010,female,55-74 years,237,3510692,6.75,Canada2010,0.903,"1,613,464,422,811",49974,Silent
Canada,2010,female,25-34 years,154,2335884,6.59,Canada2010,0.903,"1,613,464,422,811",49974,Generation X
Canada,2010,female,15-24 years,115,2239759,5.13,Canada2010,0.903,"1,613,464,422,811",49974,Millenials
Canada,2010,female,75+ years,49,1347679,3.64,Canada2010,0.903,"1,613,464,422,811",49974,Silent
Canada,2010,male,5-14 years,19,1922599,0.99,Canada2010,0.903,"1,613,464,422,811",49974,Generation Z
Canada,2010,female,5-14 years,13,1820274,0.71,Canada2010,0.903,"1,613,464,422,811",49974,Generation Z
Canada,2011,male,35-54 years,1127,5074280,22.21,Canada2011,0.909,"1,788,647,906,048",54841,Generation X
Canada,2011,male,55-74 years,683,3455517,19.77,Canada2011,0.909,"1,788,647,906,048",54841,Boomers
Canada,2011,male,75+ years,184,943428,19.5,Canada2011,0.909,"1,788,647,906,048",54841,Silent
Canada,2011,male,25-34 years,410,2400784,17.08,Canada2011,0.909,"1,788,647,906,048",54841,Millenials
Canada,2011,male,15-24 years,364,2356694,15.45,Canada2011,0.909,"1,788,647,906,048",54841,Millenials
Canada,2011,female,35-54 years,390,5032043,7.75,Canada2011,0.909,"1,788,647,906,048",54841,Generation X
Canada,2011,female,15-24 years,135,2248192,6.0,Canada2011,0.909,"1,788,647,906,048",54841,Millenials
Canada,2011,female,55-74 years,215,3629587,5.92,Canada2011,0.909,"1,788,647,906,048",54841,Boomers
Canada,2011,female,25-34 years,134,2370185,5.65,Canada2011,0.909,"1,788,647,906,048",54841,Millenials
Canada,2011,female,75+ years,55,1368680,4.02,Canada2011,0.909,"1,788,647,906,048",54841,Silent
Canada,2011,female,5-14 years,18,1815461,0.99,Canada2011,0.909,"1,788,647,906,048",54841,Generation Z
Canada,2011,male,5-14 years,13,1920567,0.68,Canada2011,0.909,"1,788,647,906,048",54841,Generation Z
Canada,2012,male,35-54 years,1205,5056024,23.83,Canada2012,0.91,"1,824,288,757,448",55347,Generation X
Canada,2012,male,55-74 years,770,3586361,21.47,Canada2012,0.91,"1,824,288,757,448",55347,Boomers
Canada,2012,male,75+ years,180,967342,18.61,Canada2012,0.91,"1,824,288,757,448",55347,Silent
Canada,2012,male,25-34 years,419,2431632,17.23,Canada2012,0.91,"1,824,288,757,448",55347,Millenials
Canada,2012,male,15-24 years,381,2358461,16.15,Canada2012,0.91,"1,824,288,757,448",55347,Millenials
Canada,2012,female,35-54 years,385,5018897,7.67,Canada2012,0.91,"1,824,288,757,448",55347,Generation X
Canada,2012,female,55-74 years,241,3756013,6.42,Canada2012,0.91,"1,824,288,757,448",55347,Boomers
Canada,2012,female,15-24 years,137,2255895,6.07,Canada2012,0.91,"1,824,288,757,448",55347,Millenials
Canada,2012,female,25-34 years,129,2403433,5.37,Canada2012,0.91,"1,824,288,757,448",55347,Millenials
Canada,2012,female,75+ years,45,1389078,3.24,Canada2012,0.91,"1,824,288,757,448",55347,Silent
Canada,2012,female,5-14 years,17,1816079,0.94,Canada2012,0.91,"1,824,288,757,448",55347,Generation Z
Canada,2012,male,5-14 years,17,1921981,0.88,Canada2012,0.91,"1,824,288,757,448",55347,Generation Z
Canada,2013,male,35-54 years,1244,5032714,24.72,Canada2013,0.912,"1,842,628,005,830",55310,Generation X
Canada,2013,male,75+ years,231,991048,23.31,Canada2013,0.912,"1,842,628,005,830",55310,Silent
Canada,2013,male,55-74 years,812,3724622,21.8,Canada2013,0.912,"1,842,628,005,830",55310,Boomers
Canada,2013,male,25-34 years,439,2456335,17.87,Canada2013,0.912,"1,842,628,005,830",55310,Millenials
Canada,2013,male,15-24 years,300,2362807,12.7,Canada2013,0.912,"1,842,628,005,830",55310,Millenials
Canada,2013,female,35-54 years,400,5003771,7.99,Canada2013,0.912,"1,842,628,005,830",55310,Generation X
Canada,2013,female,55-74 years,255,3887315,6.56,Canada2013,0.912,"1,842,628,005,830",55310,Boomers
Canada,2013,female,15-24 years,138,2261173,6.1,Canada2013,0.912,"1,842,628,005,830",55310,Millenials
Canada,2013,female,25-34 years,135,2433660,5.55,Canada2013,0.912,"1,842,628,005,830",55310,Millenials
Canada,2013,female,75+ years,65,1410630,4.61,Canada2013,0.912,"1,842,628,005,830",55310,Silent
Canada,2013,female,5-14 years,20,1823010,1.1,Canada2013,0.912,"1,842,628,005,830",55310,Generation Z
Canada,2013,male,5-14 years,15,1927751,0.78,Canada2013,0.912,"1,842,628,005,830",55310,Generation Z
Australia,1985,male,75+ years,67,219000,30.59,Australia1985,0.91275,"180,190,994,861",12374,G.I. Generation
Australia,1985,male,25-34 years,357,1299100,27.48,Australia1985,0.91275,"180,190,994,861",12374,Boomers
Australia,1985,male,55-74 years,282,1177400,23.95,Australia1985,0.91275,"180,190,994,861",12374,G.I. Generation
Australia,1985,male,15-24 years,315,1355800,23.23,Australia1985,0.91275,"180,190,994,861",12374,Generation X
Australia,1985,male,35-54 years,411,1906800,21.55,Australia1985,0.91275,"180,190,994,861",12374,Silent
Australia,1985,female,75+ years,36,382900,9.4,Australia1985,0.91275,"180,190,994,861",12374,G.I. Generation
Australia,1985,female,55-74 years,109,1286900,8.47,Australia1985,0.91275,"180,190,994,861",12374,G.I. Generation
Australia,1985,female,35-54 years,143,1832700,7.8,Australia1985,0.91275,"180,190,994,861",12374,Silent
Australia,1985,female,15-24 years,69,1304000,5.29,Australia1985,0.91275,"180,190,994,861",12374,Generation X
Australia,1985,female,25-34 years,64,1275900,5.02,Australia1985,0.91275,"180,190,994,861",12374,Boomers
Australia,1985,female,5-14 years,4,1231400,0.32,Australia1985,0.91275,"180,190,994,861",12374,Generation X
Australia,1985,male,5-14 years,4,1290600,0.31,Australia1985,0.91275,"180,190,994,861",12374,Generation X
Australia,1986,male,75+ years,89,233700,38.08,Australia1986,0.91275,"181,977,476,217",12288,G.I. Generation
Australia,1986,male,25-34 years,367,1317500,27.86,Australia1986,0.91275,"181,977,476,217",12288,Boomers
Australia,1986,male,55-74 years,324,1211800,26.74,Australia1986,0.91275,"181,977,476,217",12288,G.I. Generation
Australia,1986,male,35-54 years,487,1972000,24.7,Australia1986,0.91275,"181,977,476,217",12288,Silent
Australia,1986,male,15-24 years,296,1369000,21.62,Australia1986,0.91275,"181,977,476,217",12288,Generation X
Australia,1986,female,35-54 years,169,1888100,8.95,Australia1986,0.91275,"181,977,476,217",12288,Silent
Australia,1986,female,55-74 years,105,1306500,8.04,Australia1986,0.91275,"181,977,476,217",12288,G.I. Generation
Australia,1986,female,25-34 years,88,1300200,6.77,Australia1986,0.91275,"181,977,476,217",12288,Boomers
Australia,1986,female,15-24 years,77,1315000,5.86,Australia1986,0.91275,"181,977,476,217",12288,Generation X
Australia,1986,female,75+ years,23,405000,5.68,Australia1986,0.91275,"181,977,476,217",12288,G.I. Generation
Australia,1986,male,5-14 years,18,1277100,1.41,Australia1986,0.91275,"181,977,476,217",12288,Generation X
Australia,1986,female,5-14 years,1,1213900,0.08,Australia1986,0.91275,"181,977,476,217",12288,Generation X
Australia,1987,male,75+ years,111,244800,45.34,Australia1987,0.91275,"189,041,159,344",12564,G.I. Generation
Australia,1987,male,25-34 years,374,1345900,27.79,Australia1987,0.91275,"189,041,159,344",12564,Boomers
Australia,1987,male,35-54 years,554,2031000,27.28,Australia1987,0.91275,"189,041,159,344",12564,Silent
Australia,1987,male,55-74 years,328,1227000,26.73,Australia1987,0.91275,"189,041,159,344",12564,G.I. Generation
Australia,1987,male,15-24 years,354,1383900,25.58,Australia1987,0.91275,"189,041,159,344",12564,Generation X
Australia,1987,female,75+ years,38,421200,9.02,Australia1987,0.91275,"189,041,159,344",12564,G.I. Generation
Australia,1987,female,55-74 years,110,1318600,8.34,Australia1987,0.91275,"189,041,159,344",12564,G.I. Generation
Australia,1987,female,35-54 years,145,1950500,7.43,Australia1987,0.91275,"189,041,159,344",12564,Silent
Australia,1987,female,15-24 years,73,1329700,5.49,Australia1987,0.91275,"189,041,159,344",12564,Generation X
Australia,1987,female,25-34 years,70,1327700,5.27,Australia1987,0.91275,"189,041,159,344",12564,Boomers
Australia,1987,male,5-14 years,6,1264900,0.47,Australia1987,0.91275,"189,041,159,344",12564,Generation X
Australia,1987,female,5-14 years,1,1201300,0.08,Australia1987,0.91275,"189,041,159,344",12564,Generation X
Australia,1988,male,75+ years,93,256400,36.27,Australia1988,0.91275,"235,699,941,793",15393,G.I. Generation
Australia,1988,male,25-34 years,398,1375100,28.94,Australia1988,0.91275,"235,699,941,793",15393,Boomers
Australia,1988,male,15-24 years,366,1395800,26.22,Australia1988,0.91275,"235,699,941,793",15393,Generation X
Australia,1988,male,55-74 years,317,1240700,25.55,Australia1988,0.91275,"235,699,941,793",15393,G.I. Generation
Australia,1988,male,35-54 years,532,2097100,25.37,Australia1988,0.91275,"235,699,941,793",15393,Silent
Australia,1988,female,75+ years,40,438100,9.13,Australia1988,0.91275,"235,699,941,793",15393,G.I. Generation
Australia,1988,female,25-34 years,106,1354700,7.82,Australia1988,0.91275,"235,699,941,793",15393,Boomers
Australia,1988,female,35-54 years,157,2019000,7.78,Australia1988,0.91275,"235,699,941,793",15393,Silent
Australia,1988,female,55-74 years,103,1330200,7.74,Australia1988,0.91275,"235,699,941,793",15393,G.I. Generation
Australia,1988,female,15-24 years,53,1340300,3.95,Australia1988,0.91275,"235,699,941,793",15393,Generation X
Australia,1988,male,5-14 years,6,1264700,0.47,Australia1988,0.91275,"235,699,941,793",15393,Generation X
Australia,1988,female,5-14 years,1,1200000,0.08,Australia1988,0.91275,"235,699,941,793",15393,Generation X
Australia,1989,male,75+ years,91,266900,34.1,Australia1989,0.91275,"299,317,645,143",19223,G.I. Generation
Australia,1989,male,25-34 years,406,1399000,29.02,Australia1989,0.91275,"299,317,645,143",19223,Boomers
Australia,1989,male,15-24 years,353,1399300,25.23,Australia1989,0.91275,"299,317,645,143",19223,Generation X
Australia,1989,male,55-74 years,309,1255100,24.62,Australia1989,0.91275,"299,317,645,143",19223,G.I. Generation
Australia,1989,male,35-54 years,475,2156900,22.02,Australia1989,0.91275,"299,317,645,143",19223,Silent
Australia,1989,female,55-74 years,124,1340300,9.25,Australia1989,0.91275,"299,317,645,143",19223,G.I. Generation
Australia,1989,female,75+ years,31,451800,6.86,Australia1989,0.91275,"299,317,645,143",19223,G.I. Generation
Australia,1989,female,25-34 years,87,1383800,6.29,Australia1989,0.91275,"299,317,645,143",19223,Boomers
Australia,1989,female,35-54 years,130,2086700,6.23,Australia1989,0.91275,"299,317,645,143",19223,Silent
Australia,1989,female,15-24 years,51,1349700,3.78,Australia1989,0.91275,"299,317,645,143",19223,Generation X
Australia,1989,male,5-14 years,8,1273300,0.63,Australia1989,0.91275,"299,317,645,143",19223,Generation X
Australia,1989,female,5-14 years,1,1207800,0.08,Australia1989,0.91275,"299,317,645,143",19223,Generation X
Australia,1990,male,75+ years,87,276900,31.42,Australia1990,0.865,"310,838,014,621",19665,G.I. Generation
Australia,1990,male,25-34 years,418,1415000,29.54,Australia1990,0.865,"310,838,014,621",19665,Boomers
Australia,1990,male,15-24 years,374,1405900,26.6,Australia1990,0.865,"310,838,014,621",19665,Generation X
Australia,1990,male,55-74 years,325,1266400,25.66,Australia1990,0.865,"310,838,014,621",19665,G.I. Generation
Australia,1990,male,35-54 years,549,2220600,24.72,Australia1990,0.865,"310,838,014,621",19665,Silent
Australia,1990,female,75+ years,37,465600,7.95,Australia1990,0.865,"310,838,014,621",19665,G.I. Generation
Australia,1990,female,25-34 years,109,1401200,7.78,Australia1990,0.865,"310,838,014,621",19665,Boomers
Australia,1990,female,55-74 years,98,1349000,7.26,Australia1990,0.865,"310,838,014,621",19665,G.I. Generation
Australia,1990,female,35-54 years,136,2154800,6.31,Australia1990,0.865,"310,838,014,621",19665,Silent
Australia,1990,female,15-24 years,64,1354800,4.72,Australia1990,0.865,"310,838,014,621",19665,Generation X
Australia,1990,male,5-14 years,5,1281300,0.39,Australia1990,0.865,"310,838,014,621",19665,Generation X
Australia,1990,female,5-14 years,0,1215500,0.0,Australia1990,0.865,"310,838,014,621",19665,Generation X
Australia,1991,male,75+ years,114,287600,39.64,Australia1991,0.91275,"325,358,292,128",20320,G.I. Generation
Australia,1991,male,25-34 years,427,1416500,30.14,Australia1991,0.91275,"325,358,292,128",20320,Boomers
Australia,1991,male,35-54 years,631,2279600,27.68,Australia1991,0.91275,"325,358,292,128",20320,Boomers
Australia,1991,male,15-24 years,354,1405900,25.18,Australia1991,0.91275,"325,358,292,128",20320,Generation X
Australia,1991,male,55-74 years,273,1282700,21.28,Australia1991,0.91275,"325,358,292,128",20320,Silent
Australia,1991,female,75+ years,39,480900,8.11,Australia1991,0.91275,"325,358,292,128",20320,G.I. Generation
Australia,1991,female,35-54 years,169,2219100,7.62,Australia1991,0.91275,"325,358,292,128",20320,Boomers
Australia,1991,female,55-74 years,96,1362200,7.05,Australia1991,0.91275,"325,358,292,128",20320,Silent
Australia,1991,female,25-34 years,91,1408900,6.46,Australia1991,0.91275,"325,358,292,128",20320,Boomers
Australia,1991,female,15-24 years,84,1354900,6.2,Australia1991,0.91275,"325,358,292,128",20320,Generation X
Australia,1991,male,5-14 years,7,1290700,0.54,Australia1991,0.91275,"325,358,292,128",20320,Millenials
Australia,1991,female,5-14 years,3,1223100,0.25,Australia1991,0.91275,"325,358,292,128",20320,Millenials
Australia,1992,male,75+ years,87,298600,29.14,Australia1992,0.91275,"324,878,105,053",20050,G.I. Generation
Australia,1992,male,25-34 years,407,1417200,28.72,Australia1992,0.91275,"324,878,105,053",20050,Boomers
Australia,1992,male,15-24 years,384,1405300,27.33,Australia1992,0.91275,"324,878,105,053",20050,Generation X
Australia,1992,male,55-74 years,325,1299600,25.01,Australia1992,0.91275,"324,878,105,053",20050,Silent
Australia,1992,male,35-54 years,579,2336200,24.78,Australia1992,0.91275,"324,878,105,053",20050,Boomers
Australia,1992,female,75+ years,45,497100,9.05,Australia1992,0.91275,"324,878,105,053",20050,G.I. Generation
Australia,1992,female,55-74 years,102,1376100,7.41,Australia1992,0.91275,"324,878,105,053",20050,Silent
Australia,1992,female,25-34 years,96,1412600,6.8,Australia1992,0.91275,"324,878,105,053",20050,Boomers
Australia,1992,female,35-54 years,144,2280900,6.31,Australia1992,0.91275,"324,878,105,053",20050,Boomers
Australia,1992,female,15-24 years,76,1351300,5.62,Australia1992,0.91275,"324,878,105,053",20050,Generation X
Australia,1992,male,5-14 years,4,1298000,0.31,Australia1992,0.91275,"324,878,105,053",20050,Millenials
Australia,1992,female,5-14 years,2,1230600,0.16,Australia1992,0.91275,"324,878,105,053",20050,Millenials
Australia,1993,male,75+ years,95,307700,30.87,Australia1993,0.91275,"311,528,948,848",19030,G.I. Generation
Australia,1993,male,25-34 years,392,1413500,27.73,Australia1993,0.91275,"311,528,948,848",19030,Boomers
Australia,1993,male,15-24 years,332,1401500,23.69,Australia1993,0.91275,"311,528,948,848",19030,Generation X
Australia,1993,male,55-74 years,293,1320700,22.19,Australia1993,0.91275,"311,528,948,848",19030,Silent
Australia,1993,male,35-54 years,523,2389000,21.89,Australia1993,0.91275,"311,528,948,848",19030,Boomers
Australia,1993,female,35-54 years,161,2340600,6.88,Australia1993,0.91275,"311,528,948,848",19030,Boomers
Australia,1993,female,75+ years,34,510500,6.66,Australia1993,0.91275,"311,528,948,848",19030,G.I. Generation
Australia,1993,female,25-34 years,76,1409500,5.39,Australia1993,0.91275,"311,528,948,848",19030,Boomers
Australia,1993,female,55-74 years,75,1392400,5.39,Australia1993,0.91275,"311,528,948,848",19030,Silent
Australia,1993,female,15-24 years,50,1344900,3.72,Australia1993,0.91275,"311,528,948,848",19030,Generation X
Australia,1993,male,5-14 years,5,1303300,0.38,Australia1993,0.91275,"311,528,948,848",19030,Millenials
Australia,1993,female,5-14 years,2,1236400,0.16,Australia1993,0.91275,"311,528,948,848",19030,Millenials
Australia,1994,male,75+ years,100,315900,31.66,Australia1994,0.91275,"322,201,314,424",19469,G.I. Generation
Australia,1994,male,25-34 years,426,1414900,30.11,Australia1994,0.91275,"322,201,314,424",19469,Boomers
Australia,1994,male,15-24 years,377,1396400,27.0,Australia1994,0.91275,"322,201,314,424",19469,Generation X
Australia,1994,male,35-54 years,648,2441200,26.54,Australia1994,0.91275,"322,201,314,424",19469,Boomers
Australia,1994,male,55-74 years,311,1345000,23.12,Australia1994,0.91275,"322,201,314,424",19469,Silent
Australia,1994,female,35-54 years,162,2400300,6.75,Australia1994,0.91275,"322,201,314,424",19469,Boomers
Australia,1994,female,75+ years,33,522900,6.31,Australia1994,0.91275,"322,201,314,424",19469,G.I. Generation
Australia,1994,female,25-34 years,88,1411500,6.23,Australia1994,0.91275,"322,201,314,424",19469,Boomers
Australia,1994,female,55-74 years,79,1411700,5.6,Australia1994,0.91275,"322,201,314,424",19469,Silent
Australia,1994,female,15-24 years,55,1336300,4.12,Australia1994,0.91275,"322,201,314,424",19469,Generation X
Australia,1994,male,5-14 years,3,1310100,0.23,Australia1994,0.91275,"322,201,314,424",19469,Millenials
Australia,1994,female,5-14 years,1,1243200,0.08,Australia1994,0.91275,"322,201,314,424",19469,Millenials
Australia,1995,male,25-34 years,440,1421100,30.96,Australia1995,0.882,"367,216,364,716",21902,Generation X
Australia,1995,male,75+ years,88,328300,26.8,Australia1995,0.882,"367,216,364,716",21902,G.I. Generation
Australia,1995,male,35-54 years,587,2507400,23.41,Australia1995,0.882,"367,216,364,716",21902,Boomers
Australia,1995,male,15-24 years,318,1374600,23.13,Australia1995,0.882,"367,216,364,716",21902,Generation X
Australia,1995,male,55-74 years,274,1366600,20.05,Australia1995,0.882,"367,216,364,716",21902,Silent
Australia,1995,female,35-54 years,180,2472200,7.28,Australia1995,0.882,"367,216,364,716",21902,Boomers
Australia,1995,female,25-34 years,91,1417500,6.42,Australia1995,0.882,"367,216,364,716",21902,Generation X
Australia,1995,female,15-24 years,81,1321300,6.13,Australia1995,0.882,"367,216,364,716",21902,Generation X
Australia,1995,female,55-74 years,79,1430300,5.52,Australia1995,0.882,"367,216,364,716",21902,Silent
Australia,1995,female,75+ years,28,539200,5.19,Australia1995,0.882,"367,216,364,716",21902,G.I. Generation
Australia,1995,male,5-14 years,4,1326300,0.3,Australia1995,0.882,"367,216,364,716",21902,Millenials
Australia,1995,female,5-14 years,0,1261500,0.0,Australia1995,0.882,"367,216,364,716",21902,Millenials
Australia,1996,male,75+ years,122,346100,35.25,Australia1996,0.91275,"400,302,731,411",23526,G.I. Generation
Australia,1996,male,25-34 years,471,1431200,32.91,Australia1996,0.91275,"400,302,731,411",23526,Generation X
Australia,1996,male,15-24 years,366,1364200,26.83,Australia1996,0.91275,"400,302,731,411",23526,Generation X
Australia,1996,male,35-54 years,669,2574500,25.99,Australia1996,0.91275,"400,302,731,411",23526,Boomers
Australia,1996,male,55-74 years,330,1387200,23.79,Australia1996,0.91275,"400,302,731,411",23526,Silent
Australia,1996,female,35-54 years,182,2545300,7.15,Australia1996,0.91275,"400,302,731,411",23526,Boomers
Australia,1996,female,25-34 years,98,1431400,6.85,Australia1996,0.91275,"400,302,731,411",23526,Generation X
Australia,1996,female,55-74 years,86,1445900,5.95,Australia1996,0.91275,"400,302,731,411",23526,Silent
Australia,1996,female,75+ years,28,563200,4.97,Australia1996,0.91275,"400,302,731,411",23526,G.I. Generation
Australia,1996,female,15-24 years,59,1311800,4.5,Australia1996,0.91275,"400,302,731,411",23526,Generation X
Australia,1996,male,5-14 years,8,1339500,0.6,Australia1996,0.91275,"400,302,731,411",23526,Millenials
Australia,1996,female,5-14 years,7,1274800,0.55,Australia1996,0.91275,"400,302,731,411",23526,Millenials
Australia,1997,male,25-34 years,529,1436732,36.82,Australia1997,0.91275,"434,568,007,513",25234,Generation X
Australia,1997,male,75+ years,123,362657,33.92,Australia1997,0.91275,"434,568,007,513",25234,G.I. Generation
Australia,1997,male,15-24 years,408,1343245,30.37,Australia1997,0.91275,"434,568,007,513",25234,Generation X
Australia,1997,male,35-54 years,717,2632245,27.24,Australia1997,0.91275,"434,568,007,513",25234,Boomers
Australia,1997,male,55-74 years,305,1415672,21.54,Australia1997,0.91275,"434,568,007,513",25234,Silent
Australia,1997,female,35-54 years,219,2614291,8.38,Australia1997,0.91275,"434,568,007,513",25234,Boomers
Australia,1997,female,25-34 years,109,1441724,7.56,Australia1997,0.91275,"434,568,007,513",25234,Generation X
Australia,1997,female,75+ years,40,585676,6.83,Australia1997,0.91275,"434,568,007,513",25234,G.I. Generation
Australia,1997,female,15-24 years,86,1293106,6.65,Australia1997,0.91275,"434,568,007,513",25234,Generation X
Australia,1997,female,55-74 years,96,1465721,6.55,Australia1997,0.91275,"434,568,007,513",25234,Silent
Australia,1997,female,5-14 years,7,1283025,0.55,Australia1997,0.91275,"434,568,007,513",25234,Millenials
Australia,1997,male,5-14 years,7,1347206,0.52,Australia1997,0.91275,"434,568,007,513",25234,Millenials
Australia,1998,male,25-34 years,579,1434140,40.37,Australia1998,0.91275,"398,899,138,574",22897,Generation X
Australia,1998,male,35-54 years,773,2687916,28.76,Australia1998,0.91275,"398,899,138,574",22897,Boomers
Australia,1998,male,15-24 years,353,1330598,26.53,Australia1998,0.91275,"398,899,138,574",22897,Generation X
Australia,1998,male,75+ years,96,379719,25.28,Australia1998,0.91275,"398,899,138,574",22897,G.I. Generation
Australia,1998,male,55-74 years,301,1444867,20.83,Australia1998,0.91275,"398,899,138,574",22897,Silent
Australia,1998,female,25-34 years,109,1443163,7.55,Australia1998,0.91275,"398,899,138,574",22897,Generation X
Australia,1998,female,35-54 years,202,2680955,7.53,Australia1998,0.91275,"398,899,138,574",22897,Boomers
Australia,1998,female,75+ years,40,607609,6.58,Australia1998,0.91275,"398,899,138,574",22897,G.I. Generation
Australia,1998,female,15-24 years,81,1280391,6.33,Australia1998,0.91275,"398,899,138,574",22897,Generation X
Australia,1998,female,55-74 years,90,1486036,6.06,Australia1998,0.91275,"398,899,138,574",22897,Silent
Australia,1998,male,5-14 years,6,1355317,0.44,Australia1998,0.91275,"398,899,138,574",22897,Millenials
Australia,1998,female,5-14 years,2,1291019,0.15,Australia1998,0.91275,"398,899,138,574",22897,Millenials
Australia,1999,male,25-34 years,511,1431712,35.69,Australia1999,0.91275,"388,395,162,301",22016,Generation X
Australia,1999,male,75+ years,119,397612,29.93,Australia1999,0.91275,"388,395,162,301",22016,G.I. Generation
Australia,1999,male,35-54 years,741,2733238,27.11,Australia1999,0.91275,"388,395,162,301",22016,Boomers
Australia,1999,male,15-24 years,303,1326531,22.84,Australia1999,0.91275,"388,395,162,301",22016,Generation X
Australia,1999,male,55-74 years,315,1482441,21.25,Australia1999,0.91275,"388,395,162,301",22016,Silent
Australia,1999,female,25-34 years,117,1443911,8.1,Australia1999,0.91275,"388,395,162,301",22016,Generation X
Australia,1999,female,35-54 years,201,2735588,7.35,Australia1999,0.91275,"388,395,162,301",22016,Boomers
Australia,1999,female,15-24 years,70,1277560,5.48,Australia1999,0.91275,"388,395,162,301",22016,Generation X
Australia,1999,female,55-74 years,74,1516348,4.88,Australia1999,0.91275,"388,395,162,301",22016,Silent
Australia,1999,female,75+ years,21,630042,3.33,Australia1999,0.91275,"388,395,162,301",22016,G.I. Generation
Australia,1999,male,5-14 years,10,1366184,0.73,Australia1999,0.91275,"388,395,162,301",22016,Millenials
Australia,1999,female,5-14 years,6,1300535,0.46,Australia1999,0.91275,"388,395,162,301",22016,Millenials
Australia,2000,male,25-34 years,466,1430700,32.57,Australia2000,0.898,"415,034,227,218",23219,Generation X
Australia,2000,male,75+ years,115,416077,27.64,Australia2000,0.898,"415,034,227,218",23219,G.I. Generation
Australia,2000,male,35-54 years,745,2769752,26.9,Australia2000,0.898,"415,034,227,218",23219,Boomers
Australia,2000,male,15-24 years,271,1333011,20.33,Australia2000,0.898,"415,034,227,218",23219,Generation X
Australia,2000,male,55-74 years,281,1522620,18.46,Australia2000,0.898,"415,034,227,218",23219,Silent
Australia,2000,female,25-34 years,106,1445332,7.33,Australia2000,0.898,"415,034,227,218",23219,Generation X
Australia,2000,female,35-54 years,200,2782583,7.19,Australia2000,0.898,"415,034,227,218",23219,Boomers
Australia,2000,female,15-24 years,78,1285283,6.07,Australia2000,0.898,"415,034,227,218",23219,Generation X
Australia,2000,female,55-74 years,87,1549060,5.62,Australia2000,0.898,"415,034,227,218",23219,Silent
Australia,2000,female,75+ years,33,652895,5.05,Australia2000,0.898,"415,034,227,218",23219,G.I. Generation
Australia,2000,male,5-14 years,8,1377301,0.58,Australia2000,0.898,"415,034,227,218",23219,Millenials
Australia,2000,female,5-14 years,1,1309796,0.08,Australia2000,0.898,"415,034,227,218",23219,Millenials
Australia,2001,male,25-34 years,489,1427829,34.25,Australia2001,0.91275,"378,215,090,694",20860,Generation X
Australia,2001,male,35-54 years,752,2803465,26.82,Australia2001,0.91275,"378,215,090,694",20860,Boomers
Australia,2001,male,75+ years,115,437528,26.28,Australia2001,0.91275,"378,215,090,694",20860,Silent
Australia,2001,male,15-24 years,280,1351444,20.72,Australia2001,0.91275,"378,215,090,694",20860,Millenials
Australia,2001,male,55-74 years,296,1566014,18.9,Australia2001,0.91275,"378,215,090,694",20860,Silent
Australia,2001,female,35-54 years,226,2827367,7.99,Australia2001,0.91275,"378,215,090,694",20860,Boomers
Australia,2001,female,25-34 years,109,1445867,7.54,Australia2001,0.91275,"378,215,090,694",20860,Generation X
Australia,2001,female,75+ years,39,677113,5.76,Australia2001,0.91275,"378,215,090,694",20860,Silent
Australia,2001,female,55-74 years,81,1585702,5.11,Australia2001,0.91275,"378,215,090,694",20860,Silent
Australia,2001,female,15-24 years,63,1303713,4.83,Australia2001,0.91275,"378,215,090,694",20860,Millenials
Australia,2001,female,5-14 years,4,1317968,0.3,Australia2001,0.91275,"378,215,090,694",20860,Millenials
Australia,2001,male,5-14 years,4,1386873,0.29,Australia2001,0.91275,"378,215,090,694",20860,Millenials
Australia,2002,male,25-34 years,452,1433165,31.54,Australia2002,0.91275,"394,486,709,920",21474,Generation X
Australia,2002,male,35-54 years,744,2820596,26.38,Australia2002,0.91275,"394,486,709,920",21474,Boomers
Australia,2002,male,75+ years,101,456942,22.1,Australia2002,0.91275,"394,486,709,920",21474,Silent
Australia,2002,male,15-24 years,246,1372770,17.92,Australia2002,0.91275,"394,486,709,920",21474,Millenials
Australia,2002,male,55-74 years,266,1626692,16.35,Australia2002,0.91275,"394,486,709,920",21474,Silent
Australia,2002,female,35-54 years,213,2845525,7.49,Australia2002,0.91275,"394,486,709,920",21474,Boomers
Australia,2002,female,25-34 years,103,1444148,7.13,Australia2002,0.91275,"394,486,709,920",21474,Generation X
Australia,2002,female,55-74 years,92,1643643,5.6,Australia2002,0.91275,"394,486,709,920",21474,Silent
Australia,2002,female,75+ years,36,696793,5.17,Australia2002,0.91275,"394,486,709,920",21474,Silent
Australia,2002,female,15-24 years,58,1316527,4.41,Australia2002,0.91275,"394,486,709,920",21474,Millenials
Australia,2002,female,5-14 years,4,1321845,0.3,Australia2002,0.91275,"394,486,709,920",21474,Millenials
Australia,2002,male,5-14 years,4,1391412,0.29,Australia2002,0.91275,"394,486,709,920",21474,Millenials
Australia,2003,male,25-34 years,394,1437607,27.41,Australia2003,0.91275,"466,294,700,058",25059,Generation X
Australia,2003,male,35-54 years,654,2840522,23.02,Australia2003,0.91275,"466,294,700,058",25059,Boomers
Australia,2003,male,75+ years,103,476387,21.62,Australia2003,0.91275,"466,294,700,058",25059,Silent
Australia,2003,male,15-24 years,243,1394989,17.42,Australia2003,0.91275,"466,294,700,058",25059,Millenials
Australia,2003,male,55-74 years,284,1681943,16.89,Australia2003,0.91275,"466,294,700,058",25059,Silent
Australia,2003,female,25-34 years,106,1444160,7.34,Australia2003,0.91275,"466,294,700,058",25059,Generation X
Australia,2003,female,35-54 years,195,2868971,6.8,Australia2003,0.91275,"466,294,700,058",25059,Boomers
Australia,2003,female,55-74 years,91,1697104,5.36,Australia2003,0.91275,"466,294,700,058",25059,Silent
Australia,2003,female,15-24 years,48,1333189,3.6,Australia2003,0.91275,"466,294,700,058",25059,Millenials
Australia,2003,female,75+ years,24,716236,3.35,Australia2003,0.91275,"466,294,700,058",25059,Silent
Australia,2003,female,5-14 years,7,1323202,0.53,Australia2003,0.91275,"466,294,700,058",25059,Millenials
Australia,2003,male,5-14 years,7,1393719,0.5,Australia2003,0.91275,"466,294,700,058",25059,Millenials
Australia,2004,male,25-34 years,386,1441319,26.78,Australia2004,0.91275,"611,904,253,806",32454,Generation X
Australia,2004,male,75+ years,126,489016,25.77,Australia2004,0.91275,"611,904,253,806",32454,Silent
Australia,2004,male,35-54 years,655,2868425,22.83,Australia2004,0.91275,"611,904,253,806",32454,Boomers
Australia,2004,male,55-74 years,293,1721736,17.02,Australia2004,0.91275,"611,904,253,806",32454,Silent
Australia,2004,male,15-24 years,205,1420482,14.43,Australia2004,0.91275,"611,904,253,806",32454,Millenials
Australia,2004,female,35-54 years,183,2902618,6.3,Australia2004,0.91275,"611,904,253,806",32454,Boomers
Australia,2004,female,25-34 years,82,1446557,5.67,Australia2004,0.91275,"611,904,253,806",32454,Generation X
Australia,2004,female,75+ years,40,726532,5.51,Australia2004,0.91275,"611,904,253,806",32454,Silent
Australia,2004,female,15-24 years,67,1364452,4.91,Australia2004,0.91275,"611,904,253,806",32454,Millenials
Australia,2004,female,55-74 years,69,1741477,3.96,Australia2004,0.91275,"611,904,253,806",32454,Silent
Australia,2004,male,5-14 years,7,1402222,0.5,Australia2004,0.91275,"611,904,253,806",32454,Millenials
Australia,2004,female,5-14 years,1,1329715,0.08,Australia2004,0.91275,"611,904,253,806",32454,Millenials
Australia,2006,male,35-54 years,686,2894571,23.7,Australia2006,0.91275,"745,521,862,833",39014,Boomers
Australia,2006,male,75+ years,114,506926,22.49,Australia2006,0.91275,"745,521,862,833",39014,Silent
Australia,2006,male,25-34 years,277,1442942,19.2,Australia2006,0.91275,"745,521,862,833",39014,Generation X
Australia,2006,male,55-74 years,309,1772439,17.43,Australia2006,0.91275,"745,521,862,833",39014,Silent
Australia,2006,male,15-24 years,230,1446866,15.9,Australia2006,0.91275,"745,521,862,833",39014,Millenials
Australia,2006,female,35-54 years,195,2934459,6.65,Australia2006,0.91275,"745,521,862,833",39014,Boomers
Australia,2006,female,55-74 years,115,1798232,6.4,Australia2006,0.91275,"745,521,862,833",39014,Silent
Australia,2006,female,75+ years,41,743060,5.52,Australia2006,0.91275,"745,521,862,833",39014,Silent
Australia,2006,female,25-34 years,74,1444570,5.12,Australia2006,0.91275,"745,521,862,833",39014,Generation X
Australia,2006,female,15-24 years,68,1388615,4.9,Australia2006,0.91275,"745,521,862,833",39014,Millenials
Australia,2006,male,5-14 years,7,1404186,0.5,Australia2006,0.91275,"745,521,862,833",39014,Millenials
Australia,2006,female,5-14 years,1,1332380,0.08,Australia2006,0.91275,"745,521,862,833",39014,Millenials
Australia,2007,male,25-34 years,341,1470431,23.19,Australia2007,0.91275,"851,962,785,585",43171,Generation X
Australia,2007,male,35-54 years,687,2977977,23.07,Australia2007,0.91275,"851,962,785,585",43171,Boomers
Australia,2007,male,75+ years,124,539184,23.0,Australia2007,0.91275,"851,962,785,585",43171,Silent
Australia,2007,male,55-74 years,305,1877160,16.25,Australia2007,0.91275,"851,962,785,585",43171,Silent
Australia,2007,male,15-24 years,234,1515524,15.44,Australia2007,0.91275,"851,962,785,585",43171,Millenials
Australia,2007,female,35-54 years,219,3025248,7.24,Australia2007,0.91275,"851,962,785,585",43171,Boomers
Australia,2007,female,55-74 years,118,1911478,6.17,Australia2007,0.91275,"851,962,785,585",43171,Silent
Australia,2007,female,25-34 years,90,1460752,6.16,Australia2007,0.91275,"851,962,785,585",43171,Generation X
Australia,2007,female,15-24 years,66,1440419,4.58,Australia2007,0.91275,"851,962,785,585",43171,Millenials
Australia,2007,female,75+ years,33,770691,4.28,Australia2007,0.91275,"851,962,785,585",43171,Silent
Australia,2007,male,5-14 years,8,1408182,0.57,Australia2007,0.91275,"851,962,785,585",43171,Generation Z
Australia,2007,female,5-14 years,4,1337384,0.3,Australia2007,0.91275,"851,962,785,585",43171,Generation Z
Australia,2008,male,35-54 years,765,3015761,25.37,Australia2008,0.91275,"1,052,584,601,611",52315,Boomers
Australia,2008,male,25-34 years,354,1512033,23.41,Australia2008,0.91275,"1,052,584,601,611",52315,Generation X
Australia,2008,male,75+ years,121,552931,21.88,Australia2008,0.91275,"1,052,584,601,611",52315,Silent
Australia,2008,male,55-74 years,357,1935161,18.45,Australia2008,0.91275,"1,052,584,601,611",52315,Silent
Australia,2008,male,15-24 years,228,1560974,14.61,Australia2008,0.91275,"1,052,584,601,611",52315,Millenials
Australia,2008,female,35-54 years,231,3066609,7.53,Australia2008,0.91275,"1,052,584,601,611",52315,Boomers
Australia,2008,female,25-34 years,90,1494968,6.02,Australia2008,0.91275,"1,052,584,601,611",52315,Generation X
Australia,2008,female,55-74 years,97,1974752,4.91,Australia2008,0.91275,"1,052,584,601,611",52315,Silent
Australia,2008,female,15-24 years,60,1473105,4.07,Australia2008,0.91275,"1,052,584,601,611",52315,Millenials
Australia,2008,female,75+ years,27,781742,3.45,Australia2008,0.91275,"1,052,584,601,611",52315,Silent
Australia,2008,male,5-14 years,8,1411650,0.57,Australia2008,0.91275,"1,052,584,601,611",52315,Generation Z
Australia,2008,female,5-14 years,3,1340626,0.22,Australia2008,0.91275,"1,052,584,601,611",52315,Generation Z
Australia,2009,male,35-54 years,755,3051649,24.74,Australia2009,0.91275,"926,448,240,318",45128,Boomers
Australia,2009,male,75+ years,135,566784,23.82,Australia2009,0.91275,"926,448,240,318",45128,Silent
Australia,2009,male,25-34 years,336,1567118,21.44,Australia2009,0.91275,"926,448,240,318",45128,Generation X
Australia,2009,male,55-74 years,349,1991883,17.52,Australia2009,0.91275,"926,448,240,318",45128,Silent
Australia,2009,male,15-24 years,210,1605456,13.08,Australia2009,0.91275,"926,448,240,318",45128,Millenials
Australia,2009,female,35-54 years,221,3104929,7.12,Australia2009,0.91275,"926,448,240,318",45128,Boomers
Australia,2009,female,25-34 years,103,1541393,6.68,Australia2009,0.91275,"926,448,240,318",45128,Generation X
Australia,2009,female,55-74 years,116,2037989,5.69,Australia2009,0.91275,"926,448,240,318",45128,Silent
Australia,2009,female,75+ years,43,792218,5.43,Australia2009,0.91275,"926,448,240,318",45128,Silent
Australia,2009,female,15-24 years,66,1506719,4.38,Australia2009,0.91275,"926,448,240,318",45128,Millenials
Australia,2009,female,5-14 years,3,1345910,0.22,Australia2009,0.91275,"926,448,240,318",45128,Generation Z
Australia,2009,male,5-14 years,0,1417269,0.0,Australia2009,0.91275,"926,448,240,318",45128,Generation Z
Australia,2010,male,35-54 years,816,3076853,26.52,Australia2010,0.927,"1,144,260,547,873",54887,Generation X
Australia,2010,male,75+ years,151,582009,25.94,Australia2010,0.927,"1,144,260,547,873",54887,Silent
Australia,2010,male,25-34 years,311,1606526,19.36,Australia2010,0.927,"1,144,260,547,873",54887,Generation X
Australia,2010,male,55-74 years,360,2051197,17.55,Australia2010,0.927,"1,144,260,547,873",54887,Silent
Australia,2010,male,15-24 years,222,1618860,13.71,Australia2010,0.927,"1,144,260,547,873",54887,Millenials
Australia,2010,female,35-54 years,228,3132534,7.28,Australia2010,0.927,"1,144,260,547,873",54887,Generation X
Australia,2010,female,25-34 years,94,1579905,5.95,Australia2010,0.927,"1,144,260,547,873",54887,Generation X
Australia,2010,female,75+ years,43,805401,5.34,Australia2010,0.927,"1,144,260,547,873",54887,Silent
Australia,2010,female,15-24 years,80,1521652,5.26,Australia2010,0.927,"1,144,260,547,873",54887,Millenials
Australia,2010,female,55-74 years,104,2103428,4.94,Australia2010,0.927,"1,144,260,547,873",54887,Silent
Australia,2010,male,5-14 years,7,1420846,0.49,Australia2010,0.927,"1,144,260,547,873",54887,Generation Z
Australia,2010,female,5-14 years,4,1348336,0.3,Australia2010,0.927,"1,144,260,547,873",54887,Generation Z
Australia,2011,male,75+ years,146,588053,24.83,Australia2011,0.93,"1,394,280,784,778",66770,Silent
Australia,2011,male,35-54 years,704,3072726,22.91,Australia2011,0.93,"1,394,280,784,778",66770,Generation X
Australia,2011,male,25-34 years,347,1610295,21.55,Australia2011,0.93,"1,394,280,784,778",66770,Millenials
Australia,2011,male,55-74 years,366,2104816,17.39,Australia2011,0.93,"1,394,280,784,778",66770,Boomers
Australia,2011,male,15-24 years,242,1570069,15.41,Australia2011,0.93,"1,394,280,784,778",66770,Millenials
Australia,2011,female,35-54 years,230,3124328,7.36,Australia2011,0.93,"1,394,280,784,778",66770,Generation X
Australia,2011,female,15-24 years,93,1495053,6.22,Australia2011,0.93,"1,394,280,784,778",66770,Millenials
Australia,2011,female,55-74 years,118,2139108,5.52,Australia2011,0.93,"1,394,280,784,778",66770,Boomers
Australia,2011,female,75+ years,45,817927,5.5,Australia2011,0.93,"1,394,280,784,778",66770,Silent
Australia,2011,female,25-34 years,85,1584036,5.37,Australia2011,0.93,"1,394,280,784,778",66770,Millenials
Australia,2011,female,5-14 years,9,1351751,0.67,Australia2011,0.93,"1,394,280,784,778",66770,Generation Z
Australia,2011,male,5-14 years,7,1423748,0.49,Australia2011,0.93,"1,394,280,784,778",66770,Generation Z
Australia,2012,male,75+ years,158,606842,26.04,Australia2012,0.932,"1,543,411,012,580",72669,Silent
Australia,2012,male,35-54 years,802,3098534,25.88,Australia2012,0.932,"1,543,411,012,580",72669,Generation X
Australia,2012,male,25-34 years,351,1657638,21.17,Australia2012,0.932,"1,543,411,012,580",72669,Millenials
Australia,2012,male,55-74 years,396,2162980,18.31,Australia2012,0.932,"1,543,411,012,580",72669,Boomers
Australia,2012,male,15-24 years,217,1579672,13.74,Australia2012,0.932,"1,543,411,012,580",72669,Millenials
Australia,2012,female,35-54 years,258,3149749,8.19,Australia2012,0.932,"1,543,411,012,580",72669,Generation X
Australia,2012,female,15-24 years,109,1503934,7.25,Australia2012,0.932,"1,543,411,012,580",72669,Millenials
Australia,2012,female,75+ years,52,832122,6.25,Australia2012,0.932,"1,543,411,012,580",72669,Silent
Australia,2012,female,25-34 years,98,1630077,6.01,Australia2012,0.932,"1,543,411,012,580",72669,Millenials
Australia,2012,female,55-74 years,123,2206179,5.58,Australia2012,0.932,"1,543,411,012,580",72669,Boomers
Australia,2012,female,5-14 years,10,1368580,0.73,Australia2012,0.932,"1,543,411,012,580",72669,Generation Z
Australia,2012,male,5-14 years,6,1442602,0.42,Australia2012,0.932,"1,543,411,012,580",72669,Generation Z
Australia,2013,male,75+ years,160,627275,25.51,Australia2013,0.933,"1,573,696,522,007",72856,Silent
Australia,2013,male,35-54 years,754,3118829,24.18,Australia2013,0.933,"1,573,696,522,007",72856,Generation X
Australia,2013,male,25-34 years,329,1702401,19.33,Australia2013,0.933,"1,573,696,522,007",72856,Millenials
Australia,2013,male,55-74 years,418,2221866,18.81,Australia2013,0.933,"1,573,696,522,007",72856,Boomers
Australia,2013,male,15-24 years,267,1591539,16.78,Australia2013,0.933,"1,573,696,522,007",72856,Millenials
Australia,2013,female,35-54 years,275,3171477,8.67,Australia2013,0.933,"1,573,696,522,007",72856,Generation X
Australia,2013,female,55-74 years,145,2276104,6.37,Australia2013,0.933,"1,573,696,522,007",72856,Boomers
Australia,2013,female,15-24 years,95,1512779,6.28,Australia2013,0.933,"1,573,696,522,007",72856,Millenials
Australia,2013,female,25-34 years,95,1676648,5.67,Australia2013,0.933,"1,573,696,522,007",72856,Millenials
Australia,2013,female,75+ years,48,847577,5.66,Australia2013,0.933,"1,573,696,522,007",72856,Silent
Australia,2013,male,5-14 years,16,1464302,1.09,Australia2013,0.933,"1,573,696,522,007",72856,Generation Z
Australia,2013,female,5-14 years,6,1389383,0.43,Australia2013,0.933,"1,573,696,522,007",72856,Generation Z
Australia,2014,male,35-54 years,866,3130341,27.66,Australia2014,0.935,"1,464,955,475,994",66809,Generation X
Australia,2014,male,75+ years,164,649925,25.23,Australia2014,0.935,"1,464,955,475,994",66809,Silent
Australia,2014,male,25-34 years,404,1730968,23.34,Australia2014,0.935,"1,464,955,475,994",66809,Millenials
Australia,2014,male,55-74 years,471,2279114,20.67,Australia2014,0.935,"1,464,955,475,994",66809,Boomers
Australia,2014,male,15-24 years,271,1604935,16.89,Australia2014,0.935,"1,464,955,475,994",66809,Millenials
Australia,2014,female,35-54 years,277,3189475,8.68,Australia2014,0.935,"1,464,955,475,994",66809,Generation X
Australia,2014,female,25-34 years,119,1716803,6.93,Australia2014,0.935,"1,464,955,475,994",66809,Millenials
Australia,2014,female,55-74 years,157,2344644,6.7,Australia2014,0.935,"1,464,955,475,994",66809,Boomers
Australia,2014,female,15-24 years,96,1520955,6.31,Australia2014,0.935,"1,464,955,475,994",66809,Millenials
Australia,2014,female,75+ years,45,865915,5.2,Australia2014,0.935,"1,464,955,475,994",66809,Silent
Australia,2014,female,5-14 years,15,1408758,1.06,Australia2014,0.935,"1,464,955,475,994",66809,Generation Z
Australia,2014,male,5-14 years,6,1485754,0.4,Australia2014,0.935,"1,464,955,475,994",66809,Generation Z
Australia,2015,male,35-54 years,944,3149299,29.97,Australia2015,0.91275,"1,349,034,029,453",60656,Generation X
Australia,2015,male,75+ years,181,673787,26.86,Australia2015,0.91275,"1,349,034,029,453",60656,Silent
Australia,2015,male,25-34 years,423,1762265,24.0,Australia2015,0.91275,"1,349,034,029,453",60656,Millenials
Australia,2015,male,55-74 years,457,2337430,19.55,Australia2015,0.91275,"1,349,034,029,453",60656,Boomers
Australia,2015,male,15-24 years,281,1608990,17.46,Australia2015,0.91275,"1,349,034,029,453",60656,Millenials
Australia,2015,female,35-54 years,294,3203643,9.18,Australia2015,0.91275,"1,349,034,029,453",60656,Generation X
Australia,2015,female,15-24 years,110,1526305,7.21,Australia2015,0.91275,"1,349,034,029,453",60656,Millenials
Australia,2015,female,25-34 years,119,1747715,6.81,Australia2015,0.91275,"1,349,034,029,453",60656,Millenials
Australia,2015,female,55-74 years,152,2411343,6.3,Australia2015,0.91275,"1,349,034,029,453",60656,Boomers
Australia,2015,female,75+ years,52,884347,5.88,Australia2015,0.91275,"1,349,034,029,453",60656,Silent
Australia,2015,female,5-14 years,8,1428159,0.56,Australia2015,0.91275,"1,349,034,029,453",60656,Generation Z
Australia,2015,male,5-14 years,6,1507502,0.4,Australia2015,0.91275,"1,349,034,029,453",60656,Generation Z
